method,seed,subset,epoch,top1,top5,top1_reference,top5_reference,top1_delta,top5_delta,loss,adaptation_delay,performance_deficit,shortcut_feature_reliance,eri_score,strategy,backbone
scratch_t2,42,T2_shortcut_normal,49,0.548,0.816,0.35,0.65,0.198,0.1659999999999999,1.929759271621704,,0.0,0.4367693942614241,,scratch_t2,resnet18
dgr,42,T2_shortcut_normal,49,0.134,0.42,0.35,0.65,-0.2159999999999999,-0.23,5.746853965759278,,0.0,0.4291845493562231,,dgr,resnet18
gpm,42,T2_shortcut_normal,49,0.608,0.852,0.35,0.65,0.258,0.2019999999999999,2.0049846334457397,,0.0,0.4192139737991265,,gpm,resnet18
