{
  "configuration": {
    "dataset_name": "seq-cifar100-einstellung",
    "adaptation_threshold": 0.8,
    "extract_attention": false
  },
  "timeline_data": [
    {
      "epoch": 0,
      "task_id": 0,
      "subset_metrics": {
        "T1_all": {
          "top1": 0.1245,
          "top5": 0.43275
        },
        "T2_shortcut_normal": {
          "top1": 0.026,
          "top5": 0.148
        },
        "T2_shortcut_masked": {
          "top1": 0.094,
          "top5": 0.386
        },
        "T2_nonshortcut_normal": {
          "top1": 0.21,
          "top5": 0.5266666666666666
        }
      },
      "subset_losses": {
        "T1_all": 3.3791838665008544,
        "T2_shortcut_normal": 4.099767316818237,
        "T2_shortcut_masked": 3.4507745933532714,
        "T2_nonshortcut_normal": 3.0998686377207436
      },
      "attention_metrics": {},
      "timestamp": 1758597319.686347
    }
  ],
  "metrics_timeline": [
    {
      "epoch": 0,
      "task_id": 0,
      "subset_name": "T1_all",
      "accuracy": 0.1245,
      "top1_accuracy": 0.1245,
      "top5_accuracy": 0.43275,
      "loss": 3.3791838665008544,
      "timestamp": 1758597319.686219
    },
    {
      "epoch": 0,
      "task_id": 0,
      "subset_name": "T2_shortcut_normal",
      "accuracy": 0.026,
      "top1_accuracy": 0.026,
      "top5_accuracy": 0.148,
      "loss": 4.099767316818237,
      "timestamp": 1758597319.686219
    },
    {
      "epoch": 0,
      "task_id": 0,
      "subset_name": "T2_shortcut_masked",
      "accuracy": 0.094,
      "top1_accuracy": 0.094,
      "top5_accuracy": 0.386,
      "loss": 3.4507745933532714,
      "timestamp": 1758597319.686219
    },
    {
      "epoch": 0,
      "task_id": 0,
      "subset_name": "T2_nonshortcut_normal",
      "accuracy": 0.21,
      "top1_accuracy": 0.21,
      "top5_accuracy": 0.5266666666666666,
      "loss": 3.0998686377207436,
      "timestamp": 1758597319.686219
    }
  ],
  "final_metrics": {
    "adaptation_delay": null,
    "performance_deficit": 0.0,
    "shortcut_feature_reliance": 0.11016949152542373,
    "eri_score": null,
    "task1_accuracy_final": 0.1245,
    "task2_shortcut_accuracy": 0.026,
    "task2_masked_accuracy": 0.094,
    "task2_nonshortcut_accuracy": 0.21
  }
}