method,seed,subset,epoch,top1,top5,top1_reference,top5_reference,top1_delta,top5_delta,loss,adaptation_delay,performance_deficit,shortcut_feature_reliance,eri_score
gpm,42,T1_all,49,0.494,0.811,0.35,0.65,0.14400000000000002,0.16100000000000003,1.8522379837036134,,0.0,0.5,
gpm,42,T2_nonshortcut_normal,49,0.37266666666666665,0.7086666666666667,0.35,0.65,0.02266666666666667,0.058666666666666645,2.439718062400818,,0.0,0.5,
gpm,42,T2_shortcut_masked,49,0.142,0.358,0.35,0.65,-0.208,-0.29200000000000004,4.578805233001709,,0.0,0.5,
gpm,42,T2_shortcut_normal,49,0.124,0.362,0.35,0.65,-0.22599999999999998,-0.28800000000000003,4.697715114593506,,0.0,0.5,
