method,seed,subset,epoch,top1,top5,top1_reference,top5_reference,top1_delta,top5_delta,loss,adaptation_delay,performance_deficit,shortcut_feature_reliance,eri_score
dgr,42,T1_all,49,0.3365,0.66725,0.35,0.65,-0.013499999999999956,0.017249999999999988,2.8025263624191283,,0.0,0.3730729701952723,
dgr,42,T2_nonshortcut_normal,49,0.4046666666666667,0.7353333333333333,0.35,0.65,0.0546666666666667,0.08533333333333326,2.358890091260274,,0.0,0.3730729701952723,
dgr,42,T2_shortcut_masked,49,0.126,0.43,0.35,0.65,-0.22399999999999998,-0.22000000000000003,3.6462999420166016,,0.0,0.3730729701952723,
dgr,42,T2_shortcut_normal,49,0.114,0.394,0.35,0.65,-0.236,-0.256,3.8316258716583254,,0.0,0.3730729701952723,
