method,seed,subset,epoch,top1,top5,top1_reference,top5_reference,top1_delta,top5_delta,loss,adaptation_delay,performance_deficit,shortcut_feature_reliance,eri_score,strategy,backbone
scratch_t2,42,T2_shortcut_normal,49,0.516,0.818,0.35,0.65,0.166,0.1679999999999999,1.954508599281311,,0.0,0.4231820667031165,,scratch_t2,resnet18
sgd,42,T2_shortcut_normal,49,0.642,0.846,0.35,0.65,0.292,0.1959999999999999,1.8960171222686768,,0.0,0.4269230769230769,,sgd,resnet18
derpp,42,T2_shortcut_normal,49,0.58,0.836,0.35,0.65,0.2299999999999999,0.1859999999999999,1.6334992942810058,,0.0,0.4205607476635514,,derpp,resnet18
ewc_on,42,T2_shortcut_normal,49,0.618,0.864,0.35,0.65,0.268,0.2139999999999999,1.7162779092788696,,0.0,0.431042767900048,,ewc_on,resnet18
gpm,42,T2_shortcut_normal,49,0.124,0.362,0.35,0.65,-0.2259999999999999,-0.288,4.697715114593506,,0.0,0.5,,gpm,resnet18
dgr,42,T2_shortcut_normal,49,0.114,0.394,0.35,0.65,-0.236,-0.256,3.831625871658326,,0.0,0.3730729701952723,,dgr,resnet18
