method,seed,epoch_eff,split,acc,top5,loss
sgd,42,0.0,T1_all,0.21375,0.52525,2.9949837856292723
sgd,42,0.0,T1_all,0.21725,0.5785,2.959262990951538
sgd,42,0.0,T2_nonshortcut_normal,0.36533333333333334,0.6833333333333333,2.4554453506469724
sgd,42,0.0,T2_nonshortcut_normal,0.352,0.6693333333333333,2.513929848353068
sgd,42,0.0,T2_shortcut_masked,0.196,0.55,3.082065980911255
sgd,42,0.0,T2_shortcut_masked,0.12,0.466,3.3051062774658204
sgd,42,0.0,T2_shortcut_normal,0.132,0.354,3.6273598136901857
sgd,42,0.0,T2_shortcut_normal,0.042,0.246,4.068213268280029
