method,seed,subset,epoch,top1,top5,top1_reference,top5_reference,top1_delta,top5_delta,loss,adaptation_delay,performance_deficit,shortcut_feature_reliance,eri_score
sgd,42,T1_all,9,0.41275,0.761,0.35,0.65,0.06275000000000003,0.11099999999999999,2.373974006652832,,0.0,0.2136409227683049,
sgd,42,T2_nonshortcut_normal,9,0.548,0.814,0.35,0.65,0.19800000000000006,0.16399999999999992,1.8446097695032755,,0.0,0.2136409227683049,
sgd,42,T2_shortcut_masked,9,0.404,0.734,0.35,0.65,0.05400000000000005,0.08399999999999996,2.457170726776123,,0.0,0.2136409227683049,
sgd,42,T2_shortcut_normal,9,0.156,0.372,0.35,0.65,-0.19399999999999998,-0.278,4.880214328765869,,0.0,0.2136409227683049,
